lat,long
-63.574417,-55.788809
-63.574433,-55.788756
-63.574466,-55.78869
-63.574449,-55.788652
-63.574457,-55.788731
-63.57444,-55.788803
-63.574436,-55.788845
-63.574493,-55.788725
-63.574549,-55.788554
-63.574541,-55.788737
-63.574484,-55.788764
-63.574506,-55.788769
-63.574493,-55.788796
-63.574469,-55.788812
-63.574475,-55.788861
-63.574492,-55.788857
-63.57451,-55.78887
-63.574518,-55.788912
-63.574504,-55.788829
-63.574517,-55.788792
-63.574528,-55.788783
-63.574559,-55.788791
-63.574584,-55.788724
-63.574551,-55.788843
-63.574548,-55.788896
-63.574571,-55.788869
-63.574562,-55.788922
-63.574574,-55.788922
-63.57459,-55.788922
-63.574619,-55.788817
-63.574637,-55.788715
-63.574642,-55.788753
-63.57469,-55.788802
-63.574694,-55.788846
-63.574676,-55.788826
-63.57467,-55.788866
-63.574673,-55.788902
-63.574662,-55.788962
-63.574678,-55.788998
-63.574662,-55.789026
-63.574641,-55.789022
-63.57465,-55.788958
-63.574638,-55.788939
-63.574618,-55.788916
-63.574622,-55.788975
-63.574611,-55.788971
-63.574606,-55.789016
-63.57462,-55.78904
-63.574636,-55.789105
-63.574655,-55.789164
-63.57461,-55.789147
-63.574535,-55.789251
-63.574531,-55.789108
-63.574518,-55.789058
-63.574503,-55.789024
-63.574508,-55.788972
-63.574489,-55.788963
-63.574485,-55.788914
-63.574511,-55.789176
-63.574496,-55.789475
-63.574495,-55.789522
-63.574473,-55.789472
-63.574451,-55.789528
-63.574653,-55.788653
-63.574633,-55.78862
-63.574636,-55.788577
-63.574662,-55.788606
-63.574721,-55.788579
-63.574683,-55.788535
-63.574675,-55.788496
-63.57465,-55.788509
-63.574676,-55.788443
-63.57469,-55.7884
-63.5747,-55.788344
-63.574691,-55.788307
-63.574669,-55.788313
-63.574724,-55.788421
-63.574414,-55.789264
-63.574438,-55.789096
-63.574454,-55.789054
-63.574449,-55.789037
-63.574432,-55.78903
-63.574433,-55.788952
-63.574415,-55.788993
-63.574397,-55.78897
-63.574382,-55.788833
-63.57436,-55.788849
-63.574347,-55.788807
-63.574411,-55.789049
-63.574383,-55.789081
-63.574367,-55.789094
-63.574322,-55.789064
-63.574312,-55.789014
-63.574318,-55.788975
-63.574306,-55.788829
-63.574341,-55.788847
-63.574362,-55.788898
-63.57437,-55.788943
-63.574396,-55.7889
-63.574376,-55.789033
-63.57437,-55.789
-63.574354,-55.78903
-63.574346,-55.788954
-63.574335,-55.788895
-63.574318,-55.788926
-63.574304,-55.788948
-63.574228,-55.789381
-63.574219,-55.789251
-63.574225,-55.789201
-63.574213,-55.789167
-63.574201,-55.788987
-63.574505,-55.788195
-63.574626,-55.788083
-63.574393,-55.78828
-63.57473,-55.787922
-63.574712,-55.787939
-63.574734,-55.787826
-63.57472,-55.787839
-63.574717,-55.787868
-63.574685,-55.787953
-63.574623,-55.787817
-63.57459,-55.787821
-63.574481,-55.788025
-63.574202,-55.788877
-63.574185,-55.788785
-63.574175,-55.788709
-63.574172,-55.78864
-63.574186,-55.788599
-63.574183,-55.788516
-63.574171,-55.788463
-63.574155,-55.788372
-63.574148,-55.788325
-63.574149,-55.78828
-63.574145,-55.788231
-63.574141,-55.788161
-63.574133,-55.788115
-63.574188,-55.788097
-63.574266,-55.788003
-63.574222,-55.787932
-63.574228,-55.787885
-63.574392,-55.787916
-63.574537,-55.787698
-63.574499,-55.787648
-63.574634,-55.787588
-63.574634,-55.787534
-63.574437,-55.787818
-63.574437,-55.787678
-63.574482,-55.787881
-63.574275,-55.787725
-63.57427,-55.787619
-63.574256,-55.78755
-63.574282,-55.787547
-63.574364,-55.787488
-63.574428,-55.78743
-63.574488,-55.787538
-63.574561,-55.787329
-63.574428,-55.787223
-63.574381,-55.787237
-63.57437,-55.787259
-63.574364,-55.787339
-63.57427,-55.78722
-63.574285,-55.787124
-63.574338,-55.787063
-63.574343,-55.78699
-63.574412,-55.787049
-63.574391,-55.787073
-63.57436,-55.787168
-63.574329,-55.787206
-63.574252,-55.787381
-63.574295,-55.787348
-63.574241,-55.787293
-63.574221,-55.787401
-63.574186,-55.787363
-63.574182,-55.787437
-63.574122,-55.788016
-63.574129,-55.78796
-63.574127,-55.7879
-63.574111,-55.787875
-63.574112,-55.787847
-63.574106,-55.787708
-63.574107,-55.78762
-63.574087,-55.787586
-63.574095,-55.787529
-63.574069,-55.787419
-63.574069,-55.78733
-63.574054,-55.787294
-63.574057,-55.78725
-63.57409,-55.787794
-63.574092,-55.787746
-63.574224,-55.787351
-63.574239,-55.787227
-63.574248,-55.787145
-63.574242,-55.787065
-63.574286,-55.786926
-63.574336,-55.786805
-63.574405,-55.786817
-63.57442,-55.786919
-63.574411,-55.787086
-63.57439,-55.787035
-63.574365,-55.787005
-63.574358,-55.787096
-63.57433,-55.787164
-63.574319,-55.78712
-63.574329,-55.787258
-63.57435,-55.78729
-63.574328,-55.787386
-63.574353,-55.787401
-63.574278,-55.787376
-63.574197,-55.787307
-63.574204,-55.787277
-63.574212,-55.787186
-63.574198,-55.787105
-63.574183,-55.787128
-63.574284,-55.787027
-63.5743,-55.787177
-63.574345,-55.787133
-63.574357,-55.787213
-63.574314,-55.787301
-63.574318,-55.787336
-63.574337,-55.787347
-63.574248,-55.787201
-63.574259,-55.787108
-63.57422,-55.787097
-63.574074,-55.787484
-63.574329,-55.786837
-63.57435,-55.786828
-63.574361,-55.787048
-63.574561,-55.787434
-63.574286,-55.78612
-63.574283,-55.786182
-63.574269,-55.786258
-63.574289,-55.786259
-63.574304,-55.786317
-63.57429,-55.786309
-63.574278,-55.786343
-63.574282,-55.786433
-63.574298,-55.786439
-63.574266,-55.786491
-63.574255,-55.78653
-63.574278,-55.786579
-63.574316,-55.786538
-63.57432,-55.786588
-63.574308,-55.78661
-63.574318,-55.786626
-63.574301,-55.78667
-63.574286,-55.786621
-63.574275,-55.786692
-63.574257,-55.786716
-63.574212,-55.786555
-63.574124,-55.786627
-63.574129,-55.786467
-63.574146,-55.786671
-63.574193,-55.786796
-63.574203,-55.786824
-63.574221,-55.786799
-63.574235,-55.786823
-63.574272,-55.786857
-63.574308,-55.786807
-63.57432,-55.786673
-63.574358,-55.786681
-63.574385,-55.78667
-63.574355,-55.786637
-63.574234,-55.786901
-63.574245,-55.786895
-63.574219,-55.786948
-63.574177,-55.786974
-63.574169,-55.787032
-63.574037,-55.787148
-63.574063,-55.787116
-63.574064,-55.787066
-63.57403,-55.786985
-63.574015,-55.786899
-63.573984,-55.786928
-63.573998,-55.786773
-63.573993,-55.78672
-63.574287,-55.786834
-63.574293,-55.786742
-63.57428,-55.78716
-63.574265,-55.787156
-63.574277,-55.787072
-63.574258,-55.787051
-63.574314,-55.787075
-63.57424,-55.786639
-63.574258,-55.786621
-63.574256,-55.786657
-63.573973,-55.786372
-63.573938,-55.786438
-63.573952,-55.786121
-63.573792,-55.784885
-63.573744,-55.784816
-63.573751,-55.784982
-63.573755,-55.785069
-63.57377,-55.785205
-63.573791,-55.785251
-63.573796,-55.785349
-63.573816,-55.785304
-63.573819,-55.785343
-63.573827,-55.785478
-63.573789,-55.784932
-63.573635,-55.784057
-63.573622,-55.784119
-63.573619,-55.784162
-63.573628,-55.784324
-63.573627,-55.783813
-63.573576,-55.783826
-63.57359,-55.783983
-63.573575,-55.784044
-63.573519,-55.783686
-63.573537,-55.783641
-63.573549,-55.783624
-63.573578,-55.783555
-63.573586,-55.78348
-63.573568,-55.783487
-63.573549,-55.783448
-63.573568,-55.783361
-63.573526,-55.783361
-63.57356,-55.783262
-63.573548,-55.783216
-63.573549,-55.783168
-63.573519,-55.783286
-63.573528,-55.783217
-63.573512,-55.783229
-63.573502,-55.783141
-63.573529,-55.783102
-63.573479,-55.783196
-63.57348,-55.783147
-63.573471,-55.783077
-63.573502,-55.783051
-63.573515,-55.783025
-63.573432,-55.783253
-63.573447,-55.783288
-63.573453,-55.783327
-63.573445,-55.783376
-63.573457,-55.783376
-63.573463,-55.783408
-63.573466,-55.783451
-63.573484,-55.783531
-63.573502,-55.78357
-63.573505,-55.783608
-63.573498,-55.783424
-63.573526,-55.783417
-63.573523,-55.783444
-63.573527,-55.783476
-63.573533,-55.783512
-63.573542,-55.783542
-63.573429,-55.782944
-63.573476,-55.782841
-63.573469,-55.782752
-63.573471,-55.782704
-63.573436,-55.78267
-63.57341,-55.782555
-63.573421,-55.782533
-63.573393,-55.782534
-63.573377,-55.782571
-63.573394,-55.782617
-63.573415,-55.782652
-63.573387,-55.782666
-63.573397,-55.782719
-63.573422,-55.782726
-63.57344,-55.782739
-63.573411,-55.78277
-63.573429,-55.782781
-63.573414,-55.782807
-63.573424,-55.782863
-63.573425,-55.782907
-63.573385,-55.782948
-63.573399,-55.783017
-63.57341,-55.783067
-63.573416,-55.783118
-63.573364,-55.782905
-63.57337,-55.782861
-63.573352,-55.782845
-63.573359,-55.782796
-63.573359,-55.782731
-63.573338,-55.782744
-63.573339,-55.782793
-63.573345,-55.782673
-63.573339,-55.782623
-63.573362,-55.782635
-63.573343,-55.782541
-63.573325,-55.782506
-63.573363,-55.78252
-63.573371,-55.782495
-63.573402,-55.782436
-63.573408,-55.782477
-63.573385,-55.782427
-63.573386,-55.782369
-63.573362,-55.782364
-63.573373,-55.782412
-63.573342,-55.782395
-63.573357,-55.782461
-63.573372,-55.782271
-63.573382,-55.782188
-63.573398,-55.782122
-63.573357,-55.782194
-63.573325,-55.782203
-63.573304,-55.782278
-63.573461,-55.781895
-63.573389,-55.781954
-63.573347,-55.781971
-63.578089,-55.770551
-63.578037,-55.770455
-63.578234,-55.770982
-63.578212,-55.770655
-63.578253,-55.770492
-63.57814,-55.770473
-63.578142,-55.770605
-63.578134,-55.770699
-63.577985,-55.770616
-63.5779,-55.770492
-63.577932,-55.770414
-63.577829,-55.770484
-63.57785,-55.770609
-63.577794,-55.770641
-63.577818,-55.770644
-63.577853,-55.770667
-63.577872,-55.770632
-63.577909,-55.770651
-63.577905,-55.770601
-63.577891,-55.770677
-63.577929,-55.770664
-63.577929,-55.770604
-63.577942,-55.770531
-63.577944,-55.770487
-63.578035,-55.770628
-63.578023,-55.770603
-63.57806,-55.770605
-63.578046,-55.77056
-63.578067,-55.770554
-63.578033,-55.770684
-63.578055,-55.770663
-63.578077,-55.770616
-63.57807,-55.770705
-63.578088,-55.770709
-63.578105,-55.77069
-63.5781,-55.770645
-63.578115,-55.770593
-63.578115,-55.770534
-63.578134,-55.770529
-63.578161,-55.770542
-63.578171,-55.770501
-63.57819,-55.770487
-63.578173,-55.770461
-63.578163,-55.770633
-63.578178,-55.770607
-63.578164,-55.770678
-63.578165,-55.770753
-63.57804,-55.770504
-63.578003,-55.770415
-63.578026,-55.77041
-63.57799,-55.770451
-63.577961,-55.770593
-63.577989,-55.770704
-63.577853,-55.770478
-63.577855,-55.770525
-63.577869,-55.770571
-63.577889,-55.77054
-63.577901,-55.770543
-63.577888,-55.770407
-63.577907,-55.77038
-63.57792,-55.770357
-63.577923,-55.770384
-63.577786,-55.770524
-63.577749,-55.770574
-63.578231,-55.770936
-63.578378,-55.770932
-63.578351,-55.770907
-63.578352,-55.770846
-63.578404,-55.770771
-63.578372,-55.770744
-63.578388,-55.770628
-63.578391,-55.770577
-63.578382,-55.770844
-63.578107,-55.770461
-63.578048,-55.770425
-63.578067,-55.770481
-63.577795,-55.770483
-63.577825,-55.770434
-63.577856,-55.770358
-63.577879,-55.770377
-63.577958,-55.770412
-63.577978,-55.770526
-63.577988,-55.770505
-63.578011,-55.770545
-63.578242,-55.770537
-63.578223,-55.770531
-63.578097,-55.770423
-63.57812,-55.770426
-63.578086,-55.770499
-63.578079,-55.770444
-63.578056,-55.770458
-63.577922,-55.770468
-63.577983,-55.770416
-63.57797,-55.770378
-63.577939,-55.770365
-63.577769,-55.770556
-63.577811,-55.77049
-63.577843,-55.770457
-63.577846,-55.770417
-63.578007,-55.770501
-63.578006,-55.770455
-63.577965,-55.770455
-63.577962,-55.77056
-63.578155,-55.770573
-63.578132,-55.770662
-63.578153,-55.770699
-63.578387,-55.770803
-63.578379,-55.770686
-63.578563,-55.770746
-63.578585,-55.770735
-63.578601,-55.770661
-63.578406,-55.770574
-63.578424,-55.770586
-63.57844,-55.770592
-63.578736,-55.770975
-63.578744,-55.770801
-63.578724,-55.770758
-63.578815,-55.770736
-63.578822,-55.770926
-63.578897,-55.771084
-63.578922,-55.771065
-63.578936,-55.771049
-63.578956,-55.771007
-63.578971,-55.77098
-63.57896,-55.770856
-63.578909,-55.770865
-63.578906,-55.770825
-63.579028,-55.771023
-63.579035,-55.771071
-63.578883,-55.771196
-63.578791,-55.77106
-63.578767,-55.77105
-63.578783,-55.770941
-63.578841,-55.770878
-63.578792,-55.770808
-63.578771,-55.770777
-63.578755,-55.770746
-63.578745,-55.770704
-63.578572,-55.770664
-63.57858,-55.77063
-63.57859,-55.770686
-63.578557,-55.770794
-63.57858,-55.770815
-63.578556,-55.770838
-63.578814,-55.770799
-63.57879,-55.771005
-63.578807,-55.770932
-63.578709,-55.770957
-63.578718,-55.770924
-63.578735,-55.770905
-63.57871,-55.7707
-63.578791,-55.770746
-63.578897,-55.771128
-63.579002,-55.770835
-63.579022,-55.770849
-63.579051,-55.770857
-63.579043,-55.770891
-63.579033,-55.770919
-63.57907,-55.770897
-63.579066,-55.770957
-63.579075,-55.77094
-63.579095,-55.770934
-63.5791,-55.770962
-63.579086,-55.770999
-63.579121,-55.770962
-63.579142,-55.770958
-63.57914,-55.771002
-63.579117,-55.770998
-63.579101,-55.771002
-63.579118,-55.771056
-63.579141,-55.771049
-63.579161,-55.770998
-63.579175,-55.770963
-63.579181,-55.77101
-63.579201,-55.771
-63.579201,-55.771043
-63.579179,-55.771092
-63.579159,-55.771075
-63.579144,-55.771093
-63.579162,-55.771112
-63.579181,-55.771137
-63.5792,-55.771158
-63.579204,-55.771104
-63.579223,-55.771028
-63.579242,-55.770946
-63.579264,-55.771001
-63.57924,-55.771041
-63.579239,-55.771091
-63.579223,-55.771112
-63.579254,-55.771138
-63.579248,-55.771181
-63.579264,-55.771201
-63.579245,-55.771226
-63.579276,-55.771245
-63.57929,-55.771197
-63.57928,-55.771168
-63.579281,-55.77109
-63.579267,-55.771065
-63.57931,-55.771052
-63.579319,-55.771108
-63.579347,-55.771141
-63.579346,-55.771073
-63.579393,-55.771123
-63.579397,-55.771076
-63.579405,-55.771036
-63.579452,-55.771111
-63.579429,-55.771127
-63.579442,-55.771161
-63.579459,-55.771142
-63.579487,-55.771109
-63.57948,-55.771072
-63.579425,-55.771176
-63.579429,-55.7712
-63.579464,-55.771187
-63.579448,-55.771212
-63.57942,-55.771261
-63.57943,-55.771286
-63.579453,-55.771251
-63.579469,-55.771243
-63.57948,-55.77122
-63.579504,-55.771221
-63.579498,-55.771164
-63.579525,-55.771155
-63.579539,-55.771146
-63.579585,-55.771162
-63.579572,-55.771205
-63.579553,-55.771184
-63.579539,-55.771208
-63.579529,-55.771274
-63.57951,-55.771262
-63.579488,-55.771287
-63.579463,-55.771302
-63.579448,-55.771322
-63.579426,-55.771374
-63.579424,-55.771418
-63.579433,-55.771476
-63.579417,-55.771473
-63.579398,-55.771448
-63.579393,-55.771394
-63.579378,-55.771356
-63.579399,-55.77129
-63.579389,-55.771235
-63.579367,-55.771226
-63.57937,-55.771255
-63.579326,-55.771191
-63.579307,-55.771161
-63.579299,-55.771111
-63.579273,-55.771279
-63.57929,-55.771277
-63.579305,-55.771267
-63.579316,-55.771247
-63.579339,-55.771244
-63.579335,-55.771285
-63.579357,-55.771279
-63.57936,-55.771324
-63.579381,-55.771308
-63.579352,-55.771358
-63.579335,-55.77135
-63.57931,-55.771334
-63.579292,-55.771343
-63.579275,-55.771325
-63.579259,-55.771363
-63.579246,-55.771279
-63.579215,-55.771277
-63.5792,-55.771255
-63.579202,-55.771213
-63.57923,-55.771216
-63.579285,-55.771385
-63.579307,-55.771383
-63.579317,-55.771408
-63.579342,-55.77143
-63.579366,-55.77139
-63.579369,-55.77144
-63.579351,-55.771479
-63.57938,-55.771485
-63.579394,-55.771492
-63.579364,-55.771531
-63.579345,-55.771545
-63.579348,-55.771575
-63.579321,-55.771537
-63.579304,-55.771545
-63.579301,-55.771474
-63.579319,-55.771469
-63.579279,-55.771495
-63.579287,-55.771442
-63.579468,-55.771512
-63.579466,-55.77147
-63.579483,-55.771462
-63.57948,-55.771427
-63.579498,-55.771412
-63.579496,-55.771337
-63.57952,-55.77136
-63.579552,-55.771314
-63.57958,-55.771311
-63.579566,-55.771299
-63.579556,-55.771269
-63.579576,-55.771252
-63.579595,-55.771217
-63.579614,-55.771191
-63.579653,-55.771156
-63.579666,-55.771243
-63.579692,-55.771217
-63.5797,-55.7712
-63.579716,-55.771229
-63.579696,-55.771258
-63.579707,-55.771285
-63.579733,-55.77127
-63.57975,-55.771262
-63.579699,-55.771347
-63.579678,-55.771329
-63.57966,-55.771312
-63.579633,-55.771263
-63.579614,-55.771331
-63.579635,-55.771381
-63.579598,-55.771362
-63.579579,-55.771382
-63.579561,-55.77141
-63.579534,-55.771366
-63.579525,-55.771415
-63.579533,-55.771459
-63.579512,-55.771441
-63.579501,-55.771487
-63.57953,-55.771508
-63.579556,-55.77149
-63.579566,-55.771524
-63.579556,-55.771544
-63.579591,-55.771445
-63.579609,-55.771421
-63.579589,-55.771508
-63.579612,-55.771545
-63.579583,-55.77158
-63.579559,-55.771588
-63.579504,-55.771598
-63.579516,-55.771536
-63.579455,-55.771598
-63.579434,-55.77157
-63.57942,-55.771529
-63.579369,-55.771565
-63.579319,-55.771616
-63.579586,-55.771673
-63.579603,-55.771644
-63.579653,-55.771593
-63.57967,-55.771613
-63.579691,-55.77162
-63.579712,-55.771616
-63.57976,-55.771552
-63.579743,-55.77153
-63.579739,-55.771467
-63.579731,-55.77142
-63.579716,-55.771396
-63.579695,-55.771418
-63.579675,-55.771417
-63.579651,-55.771411
-63.579634,-55.77148
-63.579662,-55.771475
-63.579682,-55.771457
-63.579709,-55.771523
-63.579721,-55.771485
-63.579769,-55.77131
-63.579746,-55.771347
-63.579731,-55.77137
-63.579786,-55.771343
-63.579815,-55.771333
-63.579808,-55.771366
-63.579834,-55.771319
-63.579857,-55.771284
-63.579854,-55.771342
-63.579864,-55.77139
-63.579835,-55.771362
-63.57979,-55.771416
-63.579788,-55.771465
-63.579758,-55.771488
-63.579786,-55.771502
-63.579809,-55.771474
-63.5798,-55.771534
-63.579513,-55.771311
-63.579461,-55.771397
-63.579477,-55.771362
-63.579385,-55.77117
-63.579397,-55.77134
-63.579769,-55.771457
-63.57975,-55.771391
-63.579701,-55.771466
-63.579702,-55.77138
-63.579664,-55.771362
-63.579573,-55.771639
-63.57959,-55.771611
-63.579635,-55.771525
-63.579652,-55.77154
-63.579054,-55.771045
-63.57892,-55.770876
-63.579513,-55.771185
-63.579667,-55.771662
-63.579685,-55.771666
-63.579731,-55.771671
-63.579748,-55.771652
-63.579769,-55.771682
-63.579776,-55.771589
-63.579801,-55.771574
-63.579821,-55.77156
-63.579817,-55.771524
-63.579883,-55.77133
-63.579907,-55.771311
-63.579917,-55.771343
-63.579902,-55.771407
-63.579885,-55.771421
-63.579918,-55.771396
-63.579961,-55.771392
-63.579982,-55.771373
-63.580006,-55.7714
-63.580027,-55.771367
-63.579969,-55.771431
-63.579955,-55.771436
-63.579932,-55.771458
-63.579935,-55.771413
-63.579912,-55.771489
-63.579875,-55.771559
-63.579862,-55.771581
-63.579843,-55.771616
-63.579863,-55.771649
-63.57989,-55.771501
-63.579873,-55.771455
-63.579853,-55.771439
-63.579861,-55.771495
-63.579845,-55.771523
-63.57985,-55.771552
-63.579921,-55.771541
-63.57989,-55.771552
-63.579874,-55.771622
-63.579897,-55.771626
-63.57992,-55.771591
-63.57992,-55.771662
-63.579953,-55.771521
-63.579986,-55.771496
-63.579992,-55.771442
-63.580021,-55.77146
-63.580037,-55.77142
-63.580073,-55.77141
-63.580057,-55.771466
-63.580031,-55.771519
-63.580003,-55.771514
-63.579944,-55.771601
-63.579963,-55.771593
-63.579693,-55.771744
-63.579706,-55.77175
-63.579684,-55.771787
-63.579672,-55.771797
-63.579637,-55.77178
-63.579624,-55.771709
-63.579615,-55.771771
-63.57971,-55.771832
-63.579756,-55.771781
-63.579772,-55.771763
-63.579769,-55.771811
-63.579781,-55.771789
-63.579802,-55.771748
-63.57982,-55.771761
-63.579843,-55.77173
-63.579858,-55.771766
-63.579822,-55.771824
-63.579797,-55.771815
-63.579174,-55.77128
-63.579746,-55.771705
-63.579731,-55.771749
-63.579708,-55.771685
-63.579727,-55.771712
-63.579662,-55.771748
-63.579617,-55.771617
-63.579633,-55.771425
-63.579572,-55.771349
-63.579942,-55.771672
-63.580102,-55.771585
-63.580089,-55.771457
-63.58017,-55.771794
-63.580127,-55.771788
-63.580075,-55.771858
-63.580086,-55.771922
-63.580098,-55.771987
-63.580112,-55.772038
-63.579964,-55.771814
-63.579912,-55.771777
-63.579879,-55.771781
-63.57985,-55.771819
-63.579877,-55.771934
-63.579908,-55.771887
-63.580027,-55.771577
-63.580132,-55.771533
-63.579972,-55.77167
-63.57998,-55.771608
-63.580058,-55.771639
-63.580036,-55.77161
-63.580054,-55.771576
-63.580047,-55.771521
-63.580071,-55.771512
-63.580077,-55.771556
-63.580092,-55.771499
-63.580112,-55.771457
-63.580125,-55.771481
-63.580139,-55.771502
-63.580163,-55.771482
-63.580176,-55.771522
-63.580186,-55.77156
-63.580198,-55.771585
-63.580137,-55.771587
-63.580141,-55.771641
-63.580165,-55.77161
-63.580169,-55.771659
-63.580182,-55.771635
-63.580203,-55.771638
-63.580222,-55.771642
-63.5802,-55.771733
-63.580203,-55.771787
-63.580211,-55.77182
-63.580229,-55.771698
-63.580219,-55.771732
-63.580216,-55.771768
-63.580228,-55.771803
-63.580236,-55.771741
-63.580087,-55.771717
-63.580068,-55.771664
-63.580107,-55.771668
-63.58013,-55.771689
-63.580104,-55.771732
-63.580093,-55.771774
-63.580091,-55.771846
-63.580109,-55.771878
-63.580111,-55.771922
-63.580177,-55.771853
-63.58017,-55.771876
-63.580177,-55.771909
-63.580144,-55.771844
-63.580141,-55.77189
-63.580144,-55.771923
-63.580156,-55.771958
-63.580139,-55.771975
-63.580195,-55.771963
-63.580169,-55.77195
-63.580163,-55.771761
-63.580176,-55.771704
-63.580126,-55.771639
-63.580121,-55.771571
-63.580092,-55.771635
-63.580045,-55.771759
-63.580076,-55.771763
-63.580018,-55.771688
-63.580041,-55.771696
-63.58001,-55.771624
-63.579996,-55.771671
-63.579967,-55.771765
-63.579975,-55.771718
-63.57993,-55.771809
-63.579912,-55.771835
-63.57989,-55.771829
-63.57987,-55.771828
-63.579857,-55.771981
-63.579862,-55.771954
-63.579991,-55.772009
-63.579972,-55.772019
-63.579951,-55.771984
-63.579931,-55.771962
-63.579918,-55.77194
-63.579895,-55.771954
-63.579974,-55.771887
-63.579994,-55.771857
-63.580011,-55.771845
-63.580005,-55.771792
-63.580042,-55.771812
-63.580056,-55.771853
-63.580056,-55.771952
-63.580048,-55.771908
-63.58002,-55.771976
-63.580035,-55.772003
-63.580025,-55.772088
-63.580048,-55.772059
-63.580057,-55.772037
-63.580081,-55.772075
-63.580091,-55.772063
-63.580004,-55.772104
-63.579991,-55.77214
-63.579933,-55.772021
-63.579996,-55.771884
-63.579977,-55.771842
-63.579999,-55.771937
-63.580196,-55.77204
-63.580175,-55.772016
-63.580161,-55.772016
-63.58019,-55.772103
-63.58021,-55.772098
-63.580212,-55.772163
-63.580222,-55.77196
-63.580226,-55.77192
-63.580229,-55.771884
-63.580248,-55.771817
-63.580271,-55.77182
-63.580264,-55.771783
-63.580254,-55.771751
-63.580287,-55.771851
-63.580263,-55.771882
-63.58025,-55.771933
-63.580267,-55.771998
-63.580272,-55.772031
-63.580257,-55.772057
-63.580239,-55.77207
-63.580246,-55.772033
-63.580256,-55.772107
-63.580245,-55.772157
-63.58027,-55.772178
-63.580301,-55.772075
-63.580275,-55.77208
-63.580304,-55.772001
-63.580302,-55.771966
-63.580291,-55.771901
-63.58032,-55.772048
-63.580348,-55.772088
-63.579996,-55.77154
-63.579839,-55.771905
-63.579951,-55.77184
-63.580478,-55.771974
-63.580323,-55.771862
-63.580295,-55.771792
-63.580281,-55.771785
-63.580289,-55.771723
-63.580267,-55.771715
-63.580265,-55.771675
-63.580247,-55.771658
-63.580249,-55.771711
-63.580318,-55.77192
-63.580305,-55.771881
-63.580315,-55.771743
-63.580329,-55.771738
-63.580315,-55.771689
-63.580337,-55.771696
-63.580323,-55.771651
-63.580337,-55.771631
-63.5803,-55.77163
-63.580265,-55.771608
-63.580352,-55.771662
-63.580368,-55.771614
-63.580391,-55.771639
-63.580415,-55.77164
-63.580374,-55.771669
-63.580381,-55.771745
-63.580373,-55.771805
-63.580393,-55.771784
-63.58042,-55.771783
-63.580407,-55.771803
-63.580368,-55.771837
-63.580341,-55.771832
-63.580324,-55.771807
-63.58036,-55.771768
-63.580363,-55.771726
-63.580452,-55.771688
-63.580461,-55.771712
-63.580481,-55.771728
-63.580498,-55.771707
-63.580492,-55.77177
-63.580515,-55.771767
-63.580472,-55.771758
-63.580494,-55.771821
-63.58051,-55.771862
-63.580511,-55.771948
-63.580521,-55.772018
-63.580538,-55.772064
-63.580555,-55.772051
-63.580567,-55.772133
-63.58053,-55.772171
-63.580511,-55.772118
-63.5805,-55.772095
-63.580484,-55.772129
-63.580473,-55.772111
-63.580448,-55.772099
-63.580392,-55.77208
-63.580395,-55.772016
-63.580393,-55.771975
-63.58036,-55.77196
-63.580337,-55.771919
-63.580331,-55.771954
-63.580325,-55.77199
-63.580388,-55.771901
-63.580389,-55.771844
-63.580424,-55.771853
-63.580454,-55.771875
-63.580475,-55.77186
-63.580421,-55.772086
-63.58045,-55.77223
-63.580432,-55.77226
-63.580467,-55.772189
-63.580478,-55.77225
-63.580474,-55.772295
-63.580501,-55.772331
-63.580445,-55.772361
-63.58054,-55.772241
-63.580523,-55.77226
-63.580567,-55.772268
-63.580563,-55.772211
-63.580571,-55.772234
-63.580584,-55.772189
-63.5806,-55.77218
-63.580603,-55.772128
-63.580626,-55.772162
-63.580611,-55.772208
-63.580619,-55.772314
-63.580618,-55.772345
-63.580651,-55.772369
-63.580659,-55.772404
-63.580664,-55.772283
-63.580638,-55.772275
-63.580692,-55.772227
-63.580741,-55.772248
-63.580456,-55.77196
-63.58044,-55.771897
-63.580488,-55.771931
-63.580446,-55.772014
-63.580428,-55.772004
-63.580414,-55.771987
-63.580353,-55.771933
-63.580337,-55.771869
-63.580407,-55.771863
-63.580437,-55.771782
-63.580434,-55.771822
-63.58042,-55.771812
-63.580578,-55.771846
-63.580582,-55.771881
-63.580596,-55.771872
-63.58063,-55.771906
-63.58061,-55.771895
-63.580673,-55.771922
-63.580614,-55.771974
-63.580589,-55.771989
-63.580624,-55.77195
-63.580583,-55.771914
-63.580555,-55.771941
-63.580539,-55.771981
-63.580608,-55.772018
-63.580643,-55.771971
-63.580744,-55.77196
-63.580766,-55.771983
-63.580572,-55.771771
-63.580552,-55.771751
-63.580538,-55.771788
-63.580563,-55.771816
-63.580558,-55.771858
-63.580531,-55.77183
-63.580429,-55.771695
-63.580415,-55.771694
-63.580387,-55.771682
-63.580194,-55.771525
-63.580209,-55.771537
-63.580594,-55.771829
-63.580612,-55.771797
-63.580625,-55.771803
-63.580641,-55.771804
-63.580667,-55.771815
-63.580688,-55.771807
-63.580681,-55.771856
-63.580694,-55.771836
-63.580727,-55.771816
-63.580727,-55.771876
-63.580708,-55.771861
-63.580743,-55.771896
-63.580749,-55.77185
-63.58076,-55.771877
-63.580771,-55.771859
-63.580782,-55.771912
-63.580795,-55.771873
-63.580822,-55.77193
-63.580774,-55.772034
-63.580736,-55.772022
-63.580721,-55.771995
-63.580717,-55.772027
-63.580694,-55.772002
-63.580703,-55.771959
-63.58067,-55.771966
-63.580655,-55.771976
-63.580658,-55.771919
-63.580647,-55.771861
-63.580635,-55.771863
-63.580536,-55.772362
-63.580549,-55.772284
-63.580533,-55.771872
-63.580541,-55.771925
-63.580499,-55.771898
-63.580692,-55.771893
-63.580709,-55.772331
-63.580698,-55.772383
-63.580683,-55.772446
-63.580715,-55.772459
-63.58074,-55.772453
-63.580748,-55.772498
-63.580767,-55.772459
-63.580777,-55.7724
-63.580784,-55.772349
-63.580806,-55.772345
-63.580802,-55.772299
-63.580828,-55.772291
-63.580811,-55.772248
-63.580792,-55.772225
-63.580581,-55.772363
-63.580568,-55.772404
-63.580852,-55.771908
-63.580839,-55.771868
-63.580841,-55.771963
-63.580867,-55.771948
-63.580881,-55.771948
-63.580897,-55.771987
-63.580875,-55.771992
-63.580856,-55.771984
-63.580859,-55.77203
-63.580878,-55.772076
-63.580891,-55.772046
-63.580901,-55.772093
-63.580951,-55.772146
-63.580914,-55.772134
-63.580925,-55.772111
-63.58095,-55.772107
-63.580934,-55.772072
-63.580912,-55.772032
-63.580936,-55.772035
-63.58094,-55.77199
-63.580937,-55.771951
-63.580922,-55.771967
-63.580902,-55.771948
-63.580961,-55.772059
-63.580963,-55.772
-63.580963,-55.772
-63.580976,-55.772017
-63.580993,-55.771988
-63.581009,-55.772027
-63.581028,-55.772039
-63.580988,-55.772052
-63.581054,-55.772046
-63.581072,-55.772052
-63.581081,-55.772076
-63.581058,-55.772096
-63.581036,-55.772149
-63.580991,-55.772415
-63.580985,-55.772364
-63.580984,-55.772246
-63.580966,-55.772463
-63.580962,-55.772422
-63.580971,-55.772398
-63.580923,-55.772422
-63.580887,-55.77242
-63.580895,-55.77246
-63.580906,-55.772504
-63.580895,-55.772567
-63.580953,-55.772702
-63.581033,-55.772614
-63.581052,-55.772576
-63.581049,-55.772533
-63.581049,-55.772498
-63.581036,-55.772519
-63.58107,-55.772552
-63.581121,-55.772577
-63.581126,-55.772548
-63.581088,-55.772569
-63.581085,-55.77267
-63.581109,-55.772671
-63.581123,-55.772662
-63.581046,-55.772284
-63.581053,-55.772242
-63.581018,-55.772214
-63.581017,-55.772253
-63.581037,-55.772209
-63.581132,-55.772134
-63.581171,-55.772121
-63.581153,-55.77213
-63.581167,-55.772165
-63.581191,-55.772157
-63.581215,-55.772182
-63.581233,-55.772222
-63.581205,-55.77237
-63.581148,-55.772449
-63.581202,-55.772545
-63.581198,-55.772607
-63.58121,-55.772595
-63.581174,-55.772563
-63.581156,-55.772533
-63.581121,-55.77249
-63.5811,-55.772525
-63.581065,-55.772465
-63.581097,-55.772384
-63.581068,-55.772353
-63.58109,-55.772317
-63.581108,-55.772286
-63.581082,-55.7722
-63.581099,-55.772155
-63.581117,-55.772122
-63.581265,-55.772204
-63.581278,-55.772231
-63.581296,-55.772206
-63.581307,-55.772262
-63.581326,-55.772254
-63.581347,-55.772248
-63.581285,-55.77264
-63.5813,-55.77263
-63.581333,-55.772608
-63.580962,-55.772356
-63.58097,-55.772182
-63.580988,-55.772137
-63.581004,-55.772137
-63.5811,-55.772236
-63.581023,-55.772479
-63.581005,-55.772478
-63.581044,-55.772457
-63.581077,-55.772394
-63.581016,-55.772383
-63.58103,-55.772346
-63.581146,-55.772354
-63.581126,-55.772353
-63.581113,-55.772342
-63.581151,-55.772256
-63.58117,-55.772255
-63.581139,-55.77229
-63.581174,-55.772314
-63.581161,-55.772307
-63.581185,-55.772341
-63.581164,-55.772433
-63.581142,-55.772394
-63.581253,-55.772417
-63.581262,-55.772359
-63.581277,-55.772352
-63.581272,-55.772401
-63.581294,-55.772401
-63.581269,-55.772476
-63.581316,-55.772421
-63.581339,-55.772414
-63.58133,-55.772375
-63.581352,-55.772375
-63.581239,-55.772353
-63.581223,-55.772309
-63.581217,-55.77234
-63.581223,-55.772397
-63.581243,-55.772316
-63.581266,-55.772318
-63.581266,-55.77229
-63.58125,-55.772279
-63.581168,-55.772355
-63.581161,-55.772406
-63.58113,-55.772404
-63.581087,-55.772453
-63.581081,-55.772504
-63.581132,-55.772206
-63.581118,-55.772195
-63.581128,-55.772244
-63.580889,-55.772288
-63.580905,-55.772207
-63.580949,-55.772306
-63.580946,-55.772264
-63.580838,-55.772042
-63.580814,-55.772063
-63.580815,-55.772099
-63.580789,-55.772032
-63.580785,-55.772083
-63.580807,-55.772017
-63.580846,-55.772122
-63.580865,-55.772111
-63.580849,-55.772192
-63.580849,-55.772239
-63.58087,-55.772311
-63.580863,-55.772424
-63.580866,-55.772534
-63.58084,-55.772526
-63.580833,-55.77238
-63.580825,-55.772414
-63.580806,-55.772402
-63.580892,-55.772358
-63.580913,-55.772324
-63.580884,-55.772117
-63.580881,-55.772168
-63.580887,-55.772225
-63.580931,-55.772177
-63.581247,-55.772489
-63.581196,-55.77246
-63.581221,-55.772484
-63.58122,-55.772549
-63.581243,-55.772536
-63.581248,-55.772578
-63.58125,-55.772625
-63.581214,-55.772687
-63.581269,-55.772521
-63.581295,-55.772486
-63.58136,-55.772426
-63.58137,-55.772393
-63.581335,-55.772329
-63.581342,-55.772356
-63.581396,-55.772409
-63.581352,-55.772471
-63.581392,-55.772651
-63.581375,-55.772696
-63.581398,-55.772702
-63.581403,-55.772753
-63.581414,-55.772723
-63.581414,-55.772796
-63.581438,-55.772752
-63.581449,-55.772723
-63.581465,-55.772429
-63.581471,-55.772391
-63.581456,-55.772371
-63.581472,-55.772346
-63.581502,-55.772348
-63.581424,-55.772309
-63.58144,-55.772357
-63.581427,-55.772352
-63.581446,-55.772418
-63.581425,-55.77239
-63.581424,-55.772442
-63.581472,-55.772724
-63.58146,-55.772777
-63.581488,-55.772723
-63.581539,-55.772784
-63.581555,-55.772735
-63.581575,-55.772706
-63.581583,-55.772657
-63.581609,-55.772642
-63.581616,-55.772604
-63.581603,-55.772571
-63.581604,-55.772524
-63.581591,-55.772469
-63.581608,-55.772459
-63.581586,-55.772515
-63.581346,-55.772294
-63.581361,-55.772314
-63.581393,-55.772275
-63.581398,-55.772347
-63.581408,-55.772379
-63.581408,-55.772644
-63.581457,-55.772615
-63.581476,-55.772559
-63.581474,-55.772513
-63.581495,-55.7725
-63.581527,-55.772551
-63.581513,-55.772582
-63.581536,-55.772512
-63.581558,-55.772497
-63.581547,-55.772546
-63.581575,-55.77246
-63.581253,-55.772242
-63.581231,-55.772285
-63.581472,-55.77265
-63.581507,-55.772655
-63.581551,-55.772661
-63.581545,-55.772701
-63.581549,-55.772617
-63.581558,-55.7726
-63.581574,-55.772629
-63.581527,-55.772742
-63.581464,-55.772571
-63.581398,-55.772527
-63.581568,-55.772769
-63.581619,-55.772778
-63.581596,-55.772708
-63.581618,-55.772688
-63.581639,-55.772659
-63.581667,-55.77266
-63.581704,-55.772627
-63.581728,-55.772576
-63.581704,-55.77256
-63.58169,-55.772558
-63.581671,-55.772503
-63.581649,-55.772512
-63.581627,-55.77252
-63.581629,-55.772563
-63.581642,-55.77256
-63.58165,-55.772604
-63.581688,-55.772699
-63.581717,-55.772724
-63.581701,-55.772764
-63.581692,-55.772798
-63.581676,-55.772809
-63.581648,-55.772796
-63.581665,-55.772697
-63.581499,-55.772558
-63.581558,-55.772445
-63.581553,-55.772406
-63.581592,-55.772426
-63.581526,-55.772486
-63.581514,-55.772516
-63.58167,-55.772736
-63.581604,-55.772749
-63.581644,-55.772846
-63.581657,-55.772889
-63.581656,-55.772824
-63.581672,-55.772849
-63.581661,-55.772919
-63.58165,-55.772937
-63.581682,-55.772885
-63.581695,-55.772859
-63.581708,-55.772836
-63.581748,-55.772799
-63.581726,-55.772676
-63.581711,-55.772673
-63.581752,-55.772636
-63.581749,-55.772663
-63.581733,-55.772643
-63.581741,-55.772691
-63.581753,-55.772585
-63.581771,-55.772639
-63.581791,-55.772636
-63.581812,-55.772627
-63.581835,-55.772623
-63.58185,-55.77266
-63.58183,-55.772681
-63.581811,-55.772725
-63.581788,-55.772745
-63.581772,-55.772779
-63.581767,-55.772746
-63.581797,-55.772781
-63.581825,-55.77277
-63.581838,-55.772746
-63.581854,-55.772701
-63.581884,-55.772704
-63.581912,-55.772694
-63.581933,-55.772702
-63.581953,-55.772715
-63.581932,-55.772738
-63.581863,-55.772772
-63.581886,-55.772752
-63.581902,-55.772768
-63.58187,-55.772732
-63.581874,-55.772799
-63.581898,-55.772805
-63.581865,-55.772825
-63.581856,-55.772864
-63.581814,-55.772799
-63.581829,-55.772845
-63.581825,-55.77289
-63.581796,-55.772818
-63.581796,-55.772852
-63.581778,-55.77287
-63.581801,-55.772932
-63.581765,-55.77295
-63.581769,-55.772909
-63.581759,-55.773006
-63.58175,-55.772897
-63.581727,-55.77285
-63.581709,-55.772906
-63.581731,-55.772938
-63.581759,-55.772843
-63.581777,-55.772828
-63.581723,-55.772798
-63.581762,-55.772702
-63.581785,-55.77268
-63.581799,-55.772675
-63.581868,-55.772669
-63.581649,-55.772744
-63.581842,-55.772913
-63.581875,-55.772869
-63.58189,-55.772853
-63.58188,-55.77283
-63.581874,-55.772799
-63.581937,-55.772831
-63.581915,-55.772799
-63.581908,-55.772826
-63.581913,-55.772871
-63.581904,-55.772888
-63.581873,-55.772923
-63.581856,-55.772921
-63.581842,-55.772913
-63.581846,-55.772945
-63.581847,-55.772987
-63.581865,-55.773004
-63.581882,-55.772997
-63.581907,-55.772975
-63.581908,-55.772941
-63.581924,-55.772894
-63.581932,-55.772933
-63.581924,-55.77298
-63.581952,-55.772968
-63.581961,-55.772996
-63.581937,-55.773019
-63.581971,-55.773017
-63.582005,-55.773003
-63.581996,-55.773061
-63.582033,-55.77304
-63.582012,-55.773077
-63.582058,-55.773035
-63.582048,-55.77308
-63.582038,-55.773104
-63.582068,-55.773083
-63.582073,-55.773126
-63.582052,-55.772913
-63.582044,-55.772934
-63.582066,-55.772895
-63.582058,-55.772948
-63.582078,-55.77288
-63.58208,-55.772939
-63.58203,-55.772971
-63.582027,-55.772932
-63.581994,-55.772945
-63.581998,-55.772917
-63.581982,-55.772835
-63.581973,-55.772917
-63.581833,-55.773006
-63.581836,-55.773038
-63.581861,-55.772953
-63.581879,-55.772964
-63.581892,-55.772925
-63.582121,-55.772943
-63.582128,-55.772907
-63.58215,-55.772927
-63.582105,-55.772927
-63.582079,-55.772837
-63.582098,-55.772855
-63.582058,-55.772809
-63.582048,-55.772859
-63.58203,-55.772842
-63.582013,-55.772803
-63.581987,-55.772796
-63.582006,-55.772851
-63.581992,-55.772876
-63.582028,-55.772877
-63.581958,-55.772843
-63.581962,-55.772811
-63.581951,-55.772784
-63.581957,-55.772873
-63.58195,-55.772931
-63.581942,-55.772908
-63.582009,-55.772953
-63.582069,-55.772932
-63.582098,-55.773041
-63.582122,-55.77301
-63.582242,-55.773179
-63.582253,-55.773139
-63.58226,-55.773114
-63.582239,-55.773079
-63.582253,-55.773036
-63.582227,-55.773141
-63.582218,-55.773221
-63.582212,-55.773262
-63.582246,-55.773276
-63.582255,-55.773303
-63.582231,-55.773277
-63.58224,-55.77333
-63.58226,-55.773352
-63.58228,-55.773319
-63.582271,-55.773269
-63.582279,-55.773238
-63.582271,-55.773269
-63.582285,-55.773286
-63.58228,-55.773186
-63.582261,-55.773197
-63.582295,-55.773198
-63.582288,-55.773052
-63.582288,-55.773093
-63.582235,-55.773042
-63.582214,-55.773011
-63.5822,-55.773048
-63.582184,-55.773003
-63.582181,-55.772976
-63.582197,-55.772953
-63.582138,-55.773202
-63.582145,-55.773164
-63.582134,-55.773143
-63.582123,-55.773175
-63.582162,-55.773216
-63.582177,-55.773208
-63.582166,-55.773122
-63.582172,-55.773161
-63.582185,-55.773168
-63.582201,-55.773153
-63.582163,-55.773086
-63.582147,-55.77306
-63.58214,-55.772996
-63.582106,-55.773129
-63.58211,-55.77316
-63.582101,-55.773099
-63.582101,-55.772966
-63.582172,-55.773022
-63.582169,-55.772986
-63.582215,-55.773164
-63.582204,-55.773117
-63.582181,-55.773103
-63.582278,-55.773155
-63.574334,-55.790359
-63.574376,-55.790326
-63.574383,-55.790284
-63.574234,-55.790518
-63.574229,-55.790708
-63.574295,-55.790562
-63.574338,-55.790566
-63.574358,-55.790451
-63.574401,-55.790335
-63.574382,-55.790148
-63.574371,-55.790124
-63.574334,-55.790626
-63.574319,-55.79074
-63.57433,-55.790852
-63.574323,-55.791032
-63.574303,-55.791062
-63.574294,-55.791113
-63.574309,-55.791173
-63.574293,-55.791204
-63.574318,-55.791224
-63.574289,-55.791234
-63.574187,-55.791588
-63.574174,-55.791842
-63.574176,-55.79189
-63.574213,-55.791655
-63.574166,-55.791958
-63.574164,-55.792122
-63.574156,-55.792206
-63.574151,-55.792336
-63.574138,-55.792447
-63.574157,-55.792468
-63.574154,-55.792538
-63.57413,-55.792604
-63.574126,-55.792628
-63.574137,-55.792684
-63.574154,-55.792997
-63.574114,-55.792954
-63.574094,-55.79299
-63.574111,-55.793068
-63.574106,-55.793104
-63.574146,-55.792607
-63.574179,-55.792184
-63.574181,-55.792062
-63.574195,-55.791946
-63.574216,-55.791972
-63.574172,-55.792443
-63.574149,-55.79228
-63.574211,-55.792082
-63.574194,-55.792075
-63.574259,-55.79113
-63.574283,-55.79097
-63.574292,-55.790882
-63.574311,-55.790791
-63.574292,-55.791011
-63.574275,-55.791055
-63.574234,-55.791137
-63.574279,-55.790668
-63.574384,-55.790226
-63.574302,-55.788667
-63.574492,-55.788423
-63.574455,-55.788418
-63.574605,-55.788034
-63.574624,-55.787999
-63.574603,-55.787954
-63.574428,-55.788101
-63.574607,-55.787391
-63.574616,-55.787327
-63.572754,-55.776301
-63.572727,-55.77635
-63.572735,-55.77621
-63.572716,-55.776175
-63.572708,-55.776147
-63.572659,-55.776135
-63.572644,-55.776086
-63.572624,-55.775954
-63.572605,-55.775915
-63.572616,-55.775861
-63.572627,-55.775901
-63.572666,-55.77577
-63.572684,-55.775727
-63.572666,-55.775701
-63.572648,-55.77574
-63.57266,-55.775636
-63.572612,-55.775671
-63.572618,-55.775714
-63.572623,-55.775606
-63.572589,-55.775585
-63.572584,-55.775673
-63.572577,-55.775717
-63.572593,-55.775753
-63.572582,-55.775842
-63.572645,-55.775873
-63.572665,-55.775929
-63.572667,-55.775964
-63.572641,-55.776004
-63.572745,-55.776131
-63.572705,-55.775966
-63.57269,-55.775944
-63.572726,-55.77596
-63.572539,-55.775376
-63.572491,-55.775245
-63.572521,-55.775265
-63.572512,-55.775203
-63.572508,-55.775118
-63.572516,-55.77537
-63.572522,-55.775429
-63.572548,-55.775426
-63.572548,-55.775476
-63.572563,-55.775547
-63.572541,-55.775554
-63.572558,-55.775652
-63.572558,-55.775608
-63.572631,-55.775688
-63.572677,-55.775806
-63.572495,-55.775351
-63.572485,-55.775107
-63.5725,-55.775051
-63.572485,-55.775047
-63.572509,-55.775026
-63.572496,-55.774958
-63.572505,-55.774993
-63.572481,-55.775
-63.572472,-55.774949
-63.5725,-55.774907
-63.572467,-55.774905
-63.57246,-55.77487
-63.572476,-55.774801
-63.572483,-55.774759
-63.572452,-55.774755
-63.572463,-55.774643
-63.572472,-55.774584
-63.572461,-55.774454
-63.572461,-55.774402
-63.57243,-55.774418
-63.572413,-55.774449
-63.57243,-55.774479
-63.572407,-55.774507
-63.572419,-55.774557
-63.57244,-55.774512
-63.572424,-55.774602
-63.572442,-55.774612
-63.572436,-55.774647
-63.572451,-55.774658
-63.572451,-55.774699
-63.572432,-55.774717
-63.572474,-55.774683
-63.572472,-55.774721
-63.572502,-55.77487
-63.572489,-55.774883
-63.572489,-55.774833
-63.572458,-55.774798
-63.572497,-55.774705
-63.572465,-55.774543
-63.572453,-55.774576
-63.572455,-55.774501
-63.572467,-55.774833
-63.572479,-55.77486
-63.572437,-55.774152
-63.57246,-55.774142
-63.572448,-55.774087
-63.57245,-55.774038
-63.572418,-55.774068
-63.572451,-55.774243
-63.57244,-55.774276
-63.572454,-55.774289
-63.572447,-55.77435
-63.572439,-55.774324
-63.572419,-55.774333
-63.572419,-55.774333
-63.572422,-55.774375
-63.572404,-55.774356
-63.572405,-55.774295
-63.572392,-55.774252
-63.572423,-55.774239
-63.572442,-55.774223
-63.572401,-55.774209
-63.572418,-55.774181
-63.572453,-55.774184
-63.57248,-55.774054
-63.572548,-55.774008
-63.572556,-55.774071
-63.572581,-55.77403
-63.572545,-55.773955
-63.572429,-55.774013
-63.572433,-55.773629
-63.572451,-55.77385
-63.572543,-55.773652
-63.572539,-55.773544
-63.572587,-55.773445
-63.572566,-55.773454
-63.572492,-55.773473
-63.572432,-55.773489
-63.57243,-55.773544
-63.572435,-55.773589
-63.57247,-55.773645
-63.572406,-55.773629
-63.572403,-55.7737
-63.572421,-55.773678
-63.57241,-55.773815
-63.572399,-55.773878
-63.572422,-55.773843
-63.572429,-55.773902
-63.572452,-55.773752
-63.572532,-55.773749
-63.572519,-55.773755
-63.572569,-55.773682
-63.572584,-55.77362
-63.572586,-55.773643
-63.572564,-55.773644
-63.57256,-55.773804
-63.572504,-55.773636
-63.572558,-55.773889
-63.572539,-55.773878
-63.572524,-55.773845
-63.572523,-55.7738
-63.572543,-55.77377
-63.572557,-55.773744
-63.57256,-55.77371
-63.57258,-55.773765
-63.572472,-55.773809
-63.572488,-55.773866
-63.572503,-55.773843
-63.572492,-55.77391
-63.572499,-55.773949
-63.572488,-55.774006
-63.572515,-55.773895
-63.572454,-55.773953
-63.57246,-55.773899
-63.57246,-55.773994
-63.572498,-55.773745
-63.572513,-55.773691
-63.572455,-55.773604
-63.572459,-55.773549
-63.57255,-55.773567
-63.572575,-55.773533
-63.572682,-55.773409
-63.572629,-55.773648
-63.572577,-55.773897
-63.572584,-55.773987
-63.572597,-55.773901
-63.572547,-55.773921
-63.572453,-55.773452
-63.572496,-55.773399
-63.572528,-55.773369
-63.572532,-55.773322
-63.572508,-55.773299
-63.572544,-55.773391
-63.572608,-55.773312
-63.572535,-55.773449
-63.572477,-55.773443
-63.572455,-55.773408
-63.57245,-55.773334
-63.572456,-55.773297
-63.572479,-55.7733
-63.572475,-55.773337
-63.572434,-55.77338
-63.572431,-55.773423
-63.572407,-55.773493
-63.572406,-55.773446
-63.572431,-55.773457
-63.572415,-55.773377
-63.572424,-55.773282
-63.572421,-55.77318
-63.572427,-55.773099
-63.572462,-55.773089
-63.572586,-55.773281
-63.572536,-55.773222
-63.572517,-55.773236
-63.572503,-55.773201
-63.572492,-55.773226
-63.57248,-55.773187
-63.572475,-55.773225
-63.572445,-55.773147
-63.572393,-55.773988
-63.572411,-55.773955
-63.572414,-55.773992
-63.572397,-55.774048
-63.572415,-55.774029
-63.572507,-55.773057
-63.572519,-55.773006
-63.57256,-55.772855
-63.572543,-55.772825
-63.572522,-55.772779
-63.572507,-55.772874
-63.572486,-55.772868
-63.572516,-55.772831
-63.572496,-55.772994
-63.57249,-55.773044
-63.572602,-55.772864
-63.572503,-55.772944
-63.572519,-55.772911
-63.572546,-55.772916
-63.572527,-55.772858
-63.572478,-55.772967
-63.572469,-55.772935
-63.572471,-55.773029
-63.572484,-55.773089
-63.572513,-55.773162
-63.572529,-55.773092
-63.572574,-55.773178
-63.572667,-55.773216
-63.572666,-55.773166
-63.572654,-55.773071
-63.572673,-55.773064
-63.57265,-55.773036
-63.572635,-55.772983
-63.572618,-55.772975
-63.572603,-55.773014
-63.572583,-55.772923
-63.572582,-55.773135
-63.572578,-55.773055
-63.572624,-55.773063
-63.572572,-55.773019
-63.572669,-55.772784
-63.572707,-55.772693
-63.572681,-55.772743
-63.572708,-55.772736
-63.57264,-55.772727
-63.572686,-55.772529
-63.57274,-55.772532
-63.572767,-55.77251
-63.572794,-55.772387
-63.572787,-55.772281
-63.57282,-55.772188
-63.572856,-55.772201
-63.572832,-55.772242
-63.572838,-55.772296
-63.572858,-55.772273
-63.572889,-55.772056
-63.572899,-55.772098
-63.572583,-55.772732
-63.572605,-55.772661
-63.572637,-55.772569
-63.572565,-55.772706
-63.572545,-55.772725
-63.572558,-55.772769
-63.572522,-55.77267
-63.572505,-55.772632
-63.572474,-55.77263
-63.572481,-55.772579
-63.572453,-55.772782
-63.572425,-55.772765
-63.572419,-55.772839
-63.572442,-55.772867
-63.572462,-55.772866
-63.572439,-55.772939
-63.572414,-55.773012
-63.572578,-55.773353
-63.572615,-55.773266
-63.572607,-55.773451
-63.572464,-55.773676
-63.572427,-55.773734
-63.572409,-55.773776
-63.572435,-55.773812
-63.572494,-55.772822
-63.572495,-55.772779
-63.57252,-55.772707
-63.572512,-55.772742
-63.572571,-55.772655
-63.572563,-55.772555
-63.572542,-55.772549
-63.572564,-55.7725
-63.572593,-55.772505
-63.572617,-55.772475
-63.572636,-55.772443
-63.572641,-55.772398
-63.572623,-55.772301
-63.572634,-55.772261
-63.572613,-55.772267
-63.572612,-55.772227
-63.572634,-55.772209
-63.57259,-55.772291
-63.57257,-55.772332
-63.572559,-55.772379
-63.572597,-55.772344
-63.572586,-55.772366
-63.572609,-55.772382
-63.572628,-55.772368
-63.57265,-55.772339
-63.572677,-55.772328
-63.572689,-55.772287
-63.572672,-55.772268
-63.57266,-55.772207
-63.572664,-55.772155
-63.572524,-55.772512
-63.57251,-55.772533
-63.572523,-55.772458
-63.572544,-55.772471
-63.572539,-55.772395
-63.572548,-55.772314
-63.5726,-55.773172
-63.572583,-55.772611
-63.57259,-55.77256
-63.572611,-55.772563
-63.572656,-55.772454
-63.572665,-55.772389
-63.572591,-55.772447
-63.572575,-55.772416
-63.572536,-55.772627
-63.572546,-55.772673
-63.572644,-55.772503
-63.572603,-55.772605
-63.572583,-55.772611
-63.572737,-55.772154
-63.572906,-55.771957
-63.572702,-55.772223
-63.572689,-55.772172
-63.572693,-55.772117
-63.572561,-55.772267
-63.572539,-55.772251
-63.572574,-55.772183
-63.572575,-55.772231
-63.572599,-55.772149
-63.572644,-55.772126
-63.572645,-55.772155
-63.572578,-55.772578
-63.572724,-55.772088
-63.572737,-55.77202
-63.572699,-55.77194
-63.572679,-55.771918
-63.572665,-55.771883
-63.57268,-55.771838
-63.572712,-55.771823
-63.572623,-55.772038
-63.572631,-55.772086
-63.572681,-55.772085
-63.572679,-55.772004
-63.572714,-55.771996
-63.57272,-55.772259
-63.572733,-55.771955
-63.572748,-55.771933
-63.572723,-55.771926
-63.572704,-55.771873
-63.572731,-55.771865
-63.572751,-55.771842
-63.572747,-55.771894
-63.572815,-55.771838
-63.572795,-55.771816
-63.572817,-55.771787
-63.572828,-55.77174
-63.572811,-55.77169
-63.5728,-55.771627
-63.572787,-55.771572
-63.572732,-55.771701
-63.572745,-55.771692
-63.572756,-55.77174
-63.572772,-55.771709
-63.57279,-55.771697
-63.572778,-55.771651
-63.572799,-55.771743
-63.572773,-55.771866
-63.572783,-55.771907
-63.572803,-55.771888
-63.572805,-55.77193
-63.572826,-55.771894
-63.572841,-55.771905
-63.572826,-55.771936
-63.572801,-55.771966
-63.572826,-55.771988
-63.572875,-55.77185
-63.572859,-55.771856
-63.572874,-55.77193
-63.572864,-55.771802
-63.572882,-55.771772
-63.572871,-55.771731
-63.572857,-55.771674
-63.572838,-55.771672
-63.572811,-55.771547
-63.572826,-55.771549
-63.572856,-55.771529
-63.572873,-55.771474
-63.572856,-55.771459
-63.572868,-55.771407
-63.572898,-55.771364
-63.572918,-55.771365
-63.572911,-55.771416
-63.572892,-55.771404
-63.572935,-55.771439
-63.572908,-55.771484
-63.572893,-55.771522
-63.57291,-55.771552
-63.572933,-55.771526
-63.572953,-55.771484
-63.572903,-55.771778
-63.572922,-55.771614
-63.572934,-55.771574
-63.572957,-55.771527
-63.572963,-55.771577
-63.57295,-55.771601
-63.57298,-55.77156
-63.572985,-55.77162
-63.572965,-55.771639
-63.572951,-55.77172
-63.57296,-55.771684
-63.572938,-55.771665
-63.572936,-55.771747
-63.5729,-55.771723
-63.572882,-55.771614
-63.572863,-55.771588
-63.57284,-55.771612
-63.572884,-55.771548
-63.572903,-55.771636
-63.572783,-55.771762
-63.572848,-55.771727
-63.572845,-55.771777
-63.572933,-55.771852
-63.572975,-55.771784
-63.572979,-55.771732
-63.573057,-55.771603
-63.573078,-55.771535
-63.573095,-55.771494
-63.572998,-55.771195
-63.573021,-55.771167
-63.573015,-55.771209
-63.573033,-55.771125
-63.57305,-55.771096
-63.572941,-55.771278
-63.572925,-55.77131
-63.572975,-55.771233
-63.572954,-55.771333
-63.572969,-55.77131
-63.572994,-55.771348
-63.573019,-55.771325
-63.573031,-55.771362
-63.572981,-55.771416
-63.573001,-55.771405
-63.573,-55.771447
-63.573013,-55.771466
-63.573034,-55.771437
-63.573058,-55.771423
-63.573064,-55.771463
-63.573077,-55.771431
-63.573089,-55.771416
-63.573035,-55.771532
-63.573007,-55.771537
-63.572998,-55.771497
-63.572983,-55.771514
-63.573,-55.771582
-63.573125,-55.771385
-63.57312,-55.771336
-63.573088,-55.77125
-63.573086,-55.7713
-63.573099,-55.771337
-63.573065,-55.77133
-63.573057,-55.771289
-63.573038,-55.771311
-63.573024,-55.771269
-63.573002,-55.771243
-63.573,-55.771306
-63.573039,-55.771235
-63.573062,-55.771237
-63.573057,-55.771197
-63.57302,-55.771587
-63.57321,-55.771378
-63.573236,-55.77142
-63.573277,-55.771338
-63.573272,-55.771274
-63.573292,-55.771244
-63.573233,-55.771233
-63.573234,-55.771184
-63.573216,-55.771193
-63.573215,-55.771226
-63.57317,-55.771225
-63.573164,-55.771159
-63.573126,-55.771123
-63.573109,-55.771152
-63.573086,-55.771165
-63.573114,-55.771019
-63.573112,-55.771072
-63.573095,-55.771064
-63.573074,-55.771083
-63.573079,-55.771129
-63.573098,-55.771116
-63.573137,-55.771263
-63.573131,-55.771213
-63.573145,-55.77121
-63.573141,-55.771148
-63.573119,-55.771181
-63.573113,-55.771225
-63.573166,-55.771319
-63.573171,-55.77128
-63.573259,-55.771233
-63.573193,-55.77133
-63.573206,-55.77128
-63.57319,-55.771256
-63.573337,-55.770912
-63.573337,-55.770865
-63.573355,-55.770881
-63.57333,-55.771065
-63.573356,-55.771184
-63.573339,-55.771218
-63.573354,-55.770819
-63.573341,-55.770713
-63.573291,-55.77078
-63.573237,-55.77102
-63.573223,-55.77096
-63.573242,-55.770925
-63.573263,-55.770908
-63.573245,-55.770967
-63.573236,-55.771068
-63.573253,-55.771099
-63.573256,-55.771173
-63.573181,-55.771121
-63.573206,-55.771029
-63.573179,-55.77106
-63.573204,-55.770911
-63.57319,-55.770943
-63.57317,-55.770944
-63.573177,-55.770899
-63.573122,-55.770972
-63.573141,-55.770936
-63.573142,-55.771088
-63.573173,-55.771003
-63.573159,-55.771047
-63.573142,-55.771028
-63.573205,-55.770981
-63.573288,-55.77096
-63.573316,-55.770936
-63.573317,-55.770897
-63.573303,-55.770877
-63.57332,-55.770828
-63.573327,-55.770753
-63.573305,-55.770748
-63.57338,-55.770818
-63.57327,-55.770957
-63.573296,-55.771105
-63.573296,-55.771166
-63.573281,-55.771155
-63.573268,-55.771129
-63.573317,-55.771194
-63.57334,-55.771178
-63.573349,-55.771051
-63.573359,-55.771002
-63.573346,-55.770949
-63.573375,-55.770932
-63.573377,-55.77088
-63.573398,-55.770864
-63.573421,-55.770809
-63.573421,-55.770847
-63.573433,-55.770874
-63.573444,-55.770845
-63.573457,-55.770887
-63.573428,-55.77096
-63.573411,-55.770937
-63.573391,-55.771024
-63.573378,-55.771052
-63.573412,-55.771018
-63.573432,-55.771044
-63.573451,-55.771057
-63.573467,-55.771032
-63.573393,-55.771126
-63.573417,-55.771094
-63.573377,-55.771173
-63.573314,-55.771285
-63.573328,-55.77126
-63.573399,-55.771205
-63.57341,-55.771183
-63.573405,-55.771149
-63.573425,-55.771169
-63.573444,-55.771117
-63.573444,-55.771117
-63.573467,-55.771083
-63.57347,-55.771121
-63.5735,-55.771009
-63.573516,-55.770982
-63.573534,-55.770973
-63.573548,-55.770968
-63.573552,-55.770925
-63.573565,-55.770942
-63.573546,-55.771021
-63.57353,-55.771067
-63.573521,-55.77104
-63.573519,-55.770924
-63.573542,-55.770842
-63.573508,-55.770841
-63.573592,-55.770768
-63.573605,-55.770824
-63.573621,-55.770825
-63.5735,-55.77096
-63.573456,-55.770949
-63.573443,-55.770774
-63.573464,-55.770757
-63.57348,-55.77072
-63.573505,-55.770686
-63.573507,-55.770654
-63.573557,-55.770622
-63.573549,-55.770561
-63.573568,-55.770558
-63.573381,-55.770743
-63.573356,-55.770724
-63.57326,-55.77083
-63.573248,-55.770861
-63.573327,-55.770973
-63.573299,-55.770996
-63.573319,-55.77099
-63.573272,-55.771004
-63.573298,-55.77105
-63.573272,-55.771034
-63.573493,-55.770821
-63.57348,-55.770784
-63.573499,-55.770753
-63.573547,-55.770691
-63.573519,-55.770702
-63.573534,-55.770695
-63.573538,-55.770727
-63.57346,-55.770659
-63.573525,-55.770809
-63.573512,-55.77076
-63.57358,-55.770687
-63.573601,-55.770674
-63.573601,-55.7707
-63.573541,-55.77076
-63.573561,-55.770726
-63.573488,-55.770885
-63.57345,-55.770713
-63.573439,-55.77073
-63.573428,-55.770772
-63.573411,-55.770714
-63.573408,-55.770683
-63.573421,-55.770617
-63.573401,-55.770635
-63.573399,-55.770578
-63.573448,-55.770537
-63.573464,-55.770581
-63.573491,-55.770572
-63.573522,-55.770522
-63.573523,-55.770593
-63.573529,-55.770633
-63.573492,-55.770655
-63.573502,-55.770612
-63.573481,-55.770609
-63.573473,-55.770671
-63.573458,-55.770846
-63.573472,-55.770811
-63.573476,-55.77099
-63.573531,-55.770894
-63.573607,-55.770938
-63.573402,-55.770814
-63.573394,-55.770777
-63.573354,-55.770778
-63.573377,-55.770678
-63.573626,-55.770513
-63.574204,-55.770085
-63.574221,-55.770091
-63.5742,-55.77002
-63.574339,-55.769962
-63.574359,-55.769974
-63.573737,-55.770437
-63.573712,-55.770389
-63.573704,-55.770432
-63.573688,-55.770463
-63.573704,-55.770526
-63.573687,-55.770517
-63.573698,-55.770488
-63.573726,-55.770511
-63.57374,-55.77053
-63.573746,-55.770566
-63.573767,-55.77047
-63.573765,-55.77043
-63.573754,-55.770396
-63.573766,-55.770369
-63.573784,-55.77036
-63.573791,-55.770406
-63.573786,-55.77045
-63.573632,-55.770418
-63.57366,-55.770421
-63.57366,-55.770363
-63.573682,-55.77038
-63.573676,-55.77048
-63.573653,-55.770476
-63.573656,-55.770514
-63.57363,-55.770557
-63.573633,-55.770618
-63.573591,-55.77058
-63.573688,-55.770772
-63.573673,-55.770802
-63.573596,-55.770452
-63.573549,-55.77049
-63.573567,-55.770479
-63.573546,-55.770432
-63.57359,-55.770491
-63.573608,-55.770485
-63.573602,-55.770531
-63.573609,-55.770555
-63.573617,-55.770603
-63.573594,-55.770623
-63.573657,-55.77057
-63.573652,-55.770609
-63.573661,-55.770637
-63.57372,-55.770345
-63.573689,-55.770426
-63.573678,-55.770444
-63.573704,-55.770724
-63.573741,-55.770724
-63.573749,-55.770658
-63.573765,-55.770627
-63.573821,-55.770604
-63.573819,-55.77065
-63.573798,-55.770705
-63.57381,-55.770694
-63.573794,-55.770658
-63.573775,-55.770664
-63.573758,-55.770751
-63.573802,-55.770602
-63.573811,-55.770329
-63.573798,-55.770296
-63.57382,-55.770262
-63.573842,-55.77024
-63.573889,-55.770251
-63.573903,-55.770292
-63.573879,-55.770291
-63.573862,-55.770325
-63.573835,-55.77036
-63.573857,-55.770366
-63.573863,-55.770237
-63.573829,-55.770292
-63.573847,-55.770291
-63.573883,-55.770161
-63.573917,-55.770166
-63.573935,-55.770165
-63.573952,-55.770161
-63.573972,-55.770134
-63.574023,-55.770063
-63.574052,-55.770069
-63.57407,-55.77003
-63.574001,-55.770083
-63.574002,-55.770122
-63.573997,-55.77016
-63.574035,-55.7702
-63.574019,-55.770187
-63.574028,-55.770238
-63.574036,-55.77027
-63.574057,-55.770226
-63.574057,-55.770178
-63.574073,-55.77015
-63.574083,-55.7701
-63.574094,-55.770152
-63.574105,-55.770195
-63.574107,-55.770234
-63.574109,-55.770302
-63.574084,-55.770269
-63.574074,-55.770231
-63.57406,-55.770297
-63.574071,-55.770333
-63.574054,-55.770348
-63.573933,-55.770469
-63.573923,-55.770435
-63.573927,-55.770392
-63.573965,-55.770427
-63.573951,-55.770393
-63.573952,-55.770339
-63.573991,-55.77039
-63.573988,-55.770319
-63.57398,-55.770279
-63.573913,-55.770499
-63.573896,-55.770499
-63.573905,-55.770443
-63.573895,-55.770378
-63.573868,-55.770397
-63.573858,-55.770475
-63.573843,-55.770411
-63.573836,-55.770508
-63.573818,-55.770514
-63.57379,-55.770554
-63.573857,-55.770607
-63.57386,-55.770516
-63.573912,-55.770592
-63.573896,-55.770585
-63.573901,-55.770627
-63.573937,-55.770598
-63.573948,-55.770547
-63.57397,-55.770518
-63.573966,-55.770566
-63.573967,-55.770602
-63.573984,-55.770549
-63.574002,-55.770574
-63.574014,-55.770602
-63.574034,-55.770597
-63.57402,-55.770645
-63.574042,-55.770645
-63.574051,-55.770698
-63.574034,-55.770709
-63.573862,-55.770826
-63.573856,-55.770785
-63.57384,-55.770758
-63.573823,-55.770742
-63.573834,-55.770702
-63.573847,-55.770649
-63.573865,-55.770655
-63.573838,-55.770896
-63.573845,-55.771002
-63.573858,-55.770934
-63.573897,-55.771171
-63.573924,-55.771202
-63.573921,-55.771263
-63.573942,-55.771246
-63.573951,-55.771326
-63.573933,-55.771309
-63.574033,-55.771638
-63.573997,-55.771
-63.574023,-55.770994
-63.574035,-55.77081
-63.574024,-55.770763
-63.574009,-55.770736
-63.573942,-55.770665
-63.573924,-55.770689
-63.573962,-55.770782
-63.573931,-55.770822
-63.574283,-55.770461
-63.574304,-55.770448
-63.57435,-55.770494
-63.574296,-55.770554
-63.574278,-55.770567
-63.57426,-55.770561
-63.574265,-55.770621
-63.574331,-55.770607
-63.574401,-55.770447
-63.574385,-55.770419
-63.574367,-55.770446
-63.5744,-55.770365
-63.574432,-55.770332
-63.57445,-55.770331
-63.574463,-55.770352
-63.57453,-55.770333
-63.574517,-55.770368
-63.574533,-55.770382
-63.574498,-55.770401
-63.574477,-55.77038
-63.574552,-55.770383
-63.574552,-55.770446
-63.574539,-55.770463
-63.57457,-55.770483
-63.57458,-55.770404
-63.574586,-55.770463
-63.57448,-55.77044
-63.574394,-55.770096
-63.574379,-55.770047
-63.574344,-55.77007
-63.574319,-55.770082
-63.574297,-55.77012
-63.574289,-55.770174
-63.574265,-55.770165
-63.574227,-55.770152
-63.574242,-55.770163
-63.574239,-55.770122
-63.574235,-55.770064
-63.574217,-55.770023
-63.574246,-55.770013
-63.574253,-55.769973
-63.574269,-55.769989
-63.574289,-55.769997
-63.574306,-55.769967
-63.574308,-55.770044
-63.574272,-55.770102
-63.574265,-55.770048
-63.574264,-55.77022
-63.574337,-55.770168
-63.574335,-55.770111
-63.574354,-55.770124
-63.574368,-55.770103
-63.574247,-55.770233
-63.574425,-55.769999
-63.574389,-55.769996
-63.574353,-55.77001
-63.574324,-55.770056
-63.574406,-55.770052
-63.574146,-55.770101
-63.574177,-55.770066
-63.574185,-55.770036
-63.574111,-55.770112
-63.574147,-55.770062
-63.574164,-55.770026
-63.57417,-55.769991
-63.574124,-55.770003
-63.573984,-55.770931
-63.573969,-55.770876
-63.574016,-55.770844
-63.574037,-55.770891
-63.574086,-55.770982
-63.57412,-55.771037
-63.574106,-55.770952
-63.574118,-55.77087
-63.574118,-55.770814
-63.574103,-55.770754
-63.574135,-55.770761
-63.574137,-55.770806
-63.574143,-55.770858
-63.574159,-55.770901
-63.574195,-55.770543
-63.574173,-55.770547
-63.574157,-55.770562
-63.574212,-55.770557
-63.573877,-55.770866
-63.573886,-55.771079
-63.573898,-55.771045
-63.574168,-55.770682
-63.574286,-55.770508
-63.574436,-55.770384
-63.574419,-55.770365
-63.574154,-55.770643
-63.574085,-55.770563
-63.574087,-55.770606
-63.574064,-55.770581
-63.574059,-55.770624
-63.574081,-55.770741
-63.573997,-55.770699
-63.574004,-55.770664
-63.573905,-55.770762
-63.573905,-55.770762
-63.573921,-55.770752
-63.573973,-55.770246
-63.574002,-55.770247
-63.573927,-55.77064
-63.573889,-55.770774
-63.573987,-55.770763
-63.573957,-55.770945
-63.573939,-55.770957
-63.573941,-55.770864
-63.573954,-55.770901
-63.57397,-55.770988
-63.574105,-55.770647
-63.574122,-55.770615
-63.574332,-55.77075
-63.57423,-55.770502
-63.574318,-55.770417
-63.574349,-55.770436
-63.574298,-55.770714
-63.574295,-55.770664
-63.574251,-55.770666
-63.57432,-55.770736
-63.573749,-55.770786
-63.573758,-55.770855
-63.573773,-55.770855
-63.573808,-55.770858
-63.57381,-55.770467
-63.573791,-55.7705
-63.573771,-55.770516
-63.573767,-55.770554
-63.573748,-55.770614
-63.573995,-55.770834
-63.573972,-55.770824
-63.573963,-55.770646
-63.573804,-55.770995
-63.573886,-55.771028
-63.573868,-55.770966
-63.574431,-55.76987
-63.574373,-55.769924
-63.574359,-55.769893
-63.574501,-55.769875
-63.574533,-55.76984
-63.57452,-55.769887
-63.574537,-55.769883
-63.574568,-55.769889
-63.574564,-55.769924
-63.574593,-55.769942
-63.574618,-55.769961
-63.574607,-55.76984
-63.574628,-55.769829
-63.574467,-55.769924
-63.574453,-55.769909
-63.57444,-55.76995
-63.574423,-55.76992
-63.574424,-55.769949
-63.574407,-55.769969
-63.574496,-55.769908
-63.574667,-55.769854
-63.574681,-55.769814
-63.574717,-55.769803
-63.574711,-55.769834
-63.574695,-55.769881
-63.574762,-55.769923
-63.574805,-55.769902
-63.57482,-55.769812
-63.574812,-55.769774
-63.574834,-55.76975
-63.574854,-55.769779
-63.574844,-55.769835
-63.574836,-55.769878
-63.57483,-55.769926
-63.575125,-55.770201
-63.575141,-55.770238
-63.574916,-55.7698
-63.574893,-55.769793
-63.574886,-55.769841
-63.574922,-55.769743
-63.574956,-55.769782
-63.57495,-55.769735
-63.575058,-55.769757
-63.575073,-55.769746
-63.575041,-55.769753
-63.574795,-55.769812
-63.574779,-55.769776
-63.574762,-55.769807
-63.574732,-55.769821
-63.57475,-55.769794
-63.574751,-55.76984
-63.574776,-55.769826
-63.574883,-55.769741
-63.574907,-55.769751
-63.574971,-55.769773
-63.574933,-55.769772
-63.574951,-55.769826
-63.574904,-55.769853
-63.574852,-55.769911
-63.574852,-55.769937
-63.574873,-55.769892
-63.574896,-55.769894
-63.574885,-55.769916
-63.57491,-55.769905
-63.574931,-55.769888
-63.575061,-55.769878
-63.574996,-55.769771
-63.575095,-55.76978
-63.575113,-55.769749
-63.575132,-55.769754
-63.575201,-55.769715
-63.575201,-55.769715
-63.575222,-55.769718
-63.575237,-55.769711
-63.575257,-55.769701
-63.57528,-55.769715
-63.575311,-55.769702
-63.575276,-55.770262
-63.575319,-55.770157
-63.575301,-55.770173
-63.575349,-55.770332
-63.575306,-55.770291
-63.575306,-55.770347
-63.575296,-55.770388
-63.575274,-55.770315
-63.57525,-55.770292
-63.575214,-55.770249
-63.575212,-55.770293
-63.575233,-55.770339
-63.575241,-55.770389
-63.575126,-55.770132
-63.575323,-55.770249
-63.575485,-55.770065
-63.575523,-55.770052
-63.575504,-55.770093
-63.575495,-55.770152
-63.575545,-55.770153
-63.575515,-55.770192
-63.575505,-55.770214
-63.575559,-55.770209
-63.575559,-55.770106
-63.575503,-55.770028
-63.575478,-55.769975
-63.575297,-55.769836
-63.575523,-55.769864
-63.575525,-55.769823
-63.575528,-55.769761
-63.575489,-55.769821
-63.575476,-55.769871
-63.575489,-55.769881
-63.575504,-55.769874
-63.575553,-55.769799
-63.575553,-55.769832
-63.575575,-55.769795
-63.575583,-55.769825
-63.575621,-55.769834
-63.575668,-55.769796
-63.575687,-55.769692
-63.575705,-55.769687
-63.575798,-55.769692
-63.575576,-55.769723
-63.575592,-55.769705
-63.575606,-55.769703
-63.575652,-55.7697
-63.575667,-55.769693
-63.575678,-55.769661
-63.575731,-55.769711
-63.575713,-55.769712
-63.57578,-55.76981
-63.575597,-55.769781
-63.575599,-55.769747
-63.57636,-55.769877
-63.576385,-55.769872
-63.576404,-55.769884
-63.576413,-55.769803
-63.576459,-55.769823
-63.576434,-55.769834
-63.576452,-55.769887
-63.576542,-55.769889
-63.576561,-55.769843
-63.576563,-55.769891
-63.576601,-55.769868
-63.576613,-55.769916
-63.57665,-55.769872
-63.576669,-55.769889
-63.576693,-55.769887
-63.576684,-55.769939
-63.576654,-55.769941
-63.576599,-55.76993
-63.576705,-55.770059
-63.576677,-55.770022
-63.576668,-55.769976
-63.576621,-55.769889
-63.576567,-55.76993
-63.576745,-55.769953
-63.576702,-55.769934
-63.576762,-55.769956
-63.576844,-55.770035
-63.576842,-55.769992
-63.576874,-55.769952
-63.576901,-55.769966
-63.576902,-55.770011
-63.576926,-55.770041
-63.576922,-55.769988
-63.576952,-55.770012
-63.576965,-55.770058
-63.576974,-55.770028
-63.576988,-55.770045
-63.577017,-55.770071
-63.57701,-55.770037
-63.576993,-55.770021
-63.577001,-55.770026
-63.577036,-55.770087
-63.577029,-55.770053
-63.577025,-55.770018
-63.577067,-55.77004
-63.577088,-55.770053
-63.577063,-55.770133
-63.577048,-55.770148
-63.577023,-55.770145
-63.577032,-55.77018
-63.576989,-55.770125
-63.577151,-55.770186
-63.577141,-55.770161
-63.577144,-55.770118
-63.57712,-55.77017
-63.577092,-55.770163
-63.577085,-55.770122
-63.576793,-55.769957
-63.576844,-55.76994
-63.576858,-55.769971
-63.576866,-55.770024
-63.576971,-55.770105
-63.576947,-55.770119
-63.576927,-55.770082
-63.576826,-55.770016
-63.576878,-55.769987
-63.576976,-55.770138
-63.577047,-55.770052
-63.577116,-55.770041
-63.577104,-55.770086
-63.577164,-55.770127
-63.577177,-55.770119
-63.577172,-55.770159
-63.577071,-55.770092
-63.577054,-55.770103
-63.577064,-55.77011
-63.577074,-55.770165
-63.577095,-55.770236
-63.577137,-55.7702
-63.577121,-55.770109
-63.577277,-55.770171
-63.576782,-55.769983
-63.576782,-55.769983
-63.576793,-55.769987
-63.576813,-55.769941
-63.577581,-55.770544
-63.577589,-55.770502
-63.577589,-55.770438
-63.577604,-55.770392
-63.577618,-55.770307
-63.577632,-55.770267
-63.577651,-55.77028
-63.577662,-55.770316
-63.577672,-55.770282
-63.577639,-55.770329
-63.577673,-55.770341
-63.57769,-55.770333
-63.57769,-55.770333
-63.577712,-55.770295
-63.577705,-55.770337
-63.577696,-55.770384
-63.577712,-55.770432
-63.577725,-55.770404
-63.577741,-55.770372
-63.577748,-55.770342
-63.577768,-55.770319
-63.577741,-55.770278
-63.577735,-55.770314
-63.577711,-55.770364
-63.577777,-55.770365
-63.577794,-55.770343
-63.577804,-55.770419
-63.57781,-55.770375
-63.577832,-55.770364
-63.577846,-55.770339
-63.577827,-55.770312
-63.577782,-55.770455
-63.577688,-55.770512
-63.577663,-55.770515
-63.577648,-55.770516
-63.577646,-55.770485
-63.577629,-55.770517
-63.577614,-55.770494
-63.577607,-55.770463
-63.577621,-55.77042
-63.577572,-55.770476
-63.577644,-55.770419
-63.577682,-55.770379
-63.577687,-55.770422
-63.577658,-55.770363
-63.577521,-55.770331
-63.577512,-55.770375
-63.577498,-55.770416
-63.577528,-55.770418
-63.577521,-55.770465
-63.577559,-55.770426
-63.577553,-55.770467
-63.577554,-55.770377
-63.577547,-55.770325
-63.577533,-55.77031
-63.577529,-55.770269
-63.577587,-55.770271
-63.577603,-55.770278
-63.577599,-55.77023
-63.577588,-55.770316
-63.577571,-55.770342
-63.577545,-55.770276
-63.577537,-55.770265
-63.577482,-55.77034
-63.577459,-55.770339
-63.577433,-55.770296
-63.577438,-55.770261
-63.577402,-55.770324
-63.57729,-55.770318
-63.57731,-55.770279
-63.577306,-55.770209
-63.577309,-55.77018
-63.577292,-55.770171
-63.577266,-55.770111
-63.577251,-55.770142
-63.577233,-55.770136
-63.577209,-55.770178
-63.577235,-55.770167
-63.577249,-55.770218
-63.577182,-55.770199
-63.577344,-55.770139
-63.577347,-55.770181
-63.577369,-55.770163
-63.577399,-55.770174
-63.577403,-55.770222
-63.577378,-55.770206
-63.577381,-55.770258
-63.577365,-55.770238
-63.577361,-55.770264
-63.577372,-55.770291
-63.577393,-55.770296
-63.577408,-55.770282
-63.577421,-55.770263
-63.577429,-55.77022
-63.577449,-55.77021
-63.577451,-55.770289
-63.577432,-55.770341
-63.577416,-55.770383
-63.577368,-55.770338
-63.577338,-55.77028
-63.577333,-55.7703
-63.577311,-55.770344
-63.577302,-55.770242
-63.57725,-55.770299
-63.577194,-55.770236
-63.577194,-55.770141
-63.577471,-55.770235
-63.577481,-55.770194
-63.577527,-55.770214
-63.577559,-55.770222
-63.577568,-55.77028
-63.577477,-55.770278
-63.577475,-55.770373
-63.57747,-55.770402
-63.577483,-55.770423
-63.577495,-55.770292
-63.577509,-55.770299
-63.577505,-55.770248
-63.577508,-55.770194
-63.577212,-55.770124
-63.577193,-55.770071
-63.577164,-55.770081
-63.577151,-55.770085
-63.577178,-55.770072
-63.577193,-55.770191
-63.577151,-55.770233
-63.577124,-55.77023
-63.577132,-55.770215
-63.577326,-55.77017
-63.577343,-55.770235
-63.577743,-55.770543
-63.577701,-55.770536
-63.577665,-55.770406
-63.577657,-55.770445
-63.57768,-55.770455
-63.577328,-55.770337
-63.577966,-55.771276
-63.577992,-55.771375
-63.577974,-55.77141
-63.57795,-55.771451
-63.577951,-55.771377
-63.577974,-55.771448
-63.577958,-55.771483
-63.57794,-55.771321
-63.578556,-55.770673
-63.579568,-55.771736
-63.579553,-55.771679
-63.57953,-55.771675
-63.579486,-55.771656
-63.579494,-55.771725
-63.579393,-55.771602
-63.579517,-55.771698
-63.579657,-55.771796
-63.580145,-55.772124
-63.580148,-55.77202
-63.580375,-55.77215
-63.580355,-55.772143
-63.580336,-55.772135
-63.580396,-55.772159
-63.580448,-55.772165
-63.580439,-55.772188
-63.580462,-55.772152
-63.580487,-55.7722
-63.580515,-55.772185
-63.580577,-55.772055
-63.580282,-55.771604
-63.58072,-55.772367
-63.580733,-55.772392
-63.58074,-55.772359
-63.580611,-55.772244
-63.580486,-55.772034
-63.580496,-55.771977
-63.580502,-55.772007
-63.581006,-55.772336
-63.580989,-55.772302
-63.580967,-55.772324
-63.580935,-55.772328
-63.580847,-55.772158
-63.58107,-55.772303
-63.581067,-55.772225
-63.581082,-55.772153
-63.581069,-55.772172
-63.58102,-55.772149
-63.581006,-55.77217
-63.581591,-55.7726
-63.581596,-55.772649
-63.581456,-55.77266
-63.581683,-55.772591
-63.581667,-55.772566
-63.58167,-55.772623
-63.581684,-55.77264
-63.58153,-55.772385
-63.581499,-55.772406
-63.5815,-55.772451
-63.581373,-55.772619
-63.581349,-55.772636
-63.581326,-55.772727
-63.58134,-55.772744
-63.581294,-55.77278
-63.581323,-55.772788
-63.581357,-55.772782
-63.581354,-55.77273
-63.581482,-55.772455
-63.581464,-55.772467
-63.581454,-55.772517
-63.581439,-55.772521
-63.581444,-55.772479
-63.582357,-55.77316
-63.582331,-55.773189
-63.582333,-55.773126
-63.574237,-55.789748
-63.574239,-55.789811
-63.574244,-55.789894
-63.574274,-55.788959
-63.574287,-55.788995
-63.574176,-55.787963
-63.574093,-55.770871
-63.574055,-55.770967
-63.573957,-55.770708
-63.574074,-55.770955
-63.574056,-55.77101
-63.574021,-55.770913
-63.574016,-55.770964
-63.574072,-55.770854
-63.574055,-55.770876
-63.574055,-55.770967
-63.573994,-55.77089
-63.573942,-55.770751
-63.573915,-55.770811
-63.573899,-55.770805
-63.5739,-55.770874
-63.573916,-55.770888
-63.574117,-55.770694
-63.574133,-55.770561
-63.574081,-55.770807
-63.574066,-55.77078
-63.574094,-55.770789
-63.574044,-55.770938
-63.574009,-55.770791
-63.574061,-55.770742
-63.573929,-55.771057
-63.574011,-55.770381
-63.574017,-55.770327
-63.574002,-55.770317
-63.573996,-55.770354
-63.573977,-55.770364
-63.573984,-55.770442
-63.573973,-55.770458
-63.573953,-55.770498
-63.57487,-55.770183
-63.574876,-55.770233
-63.574854,-55.770242
-63.574836,-55.77024
-63.574821,-55.770257
-63.574898,-55.77024
-63.574759,-55.770317
-63.574922,-55.770253
-63.574368,-55.770593
-63.574711,-55.788386
-63.574706,-55.788448
-63.574701,-55.788475
-63.574716,-55.78846
-63.572403,-55.774102
-63.572591,-55.77368
-63.572599,-55.773598
-63.573223,-55.770878
-63.573343,-55.771001
-63.57429,-55.770621
-63.574329,-55.770512
-63.574326,-55.770464
-63.574135,-55.770901
-63.573884,-55.770339
-63.574258,-55.770505
-63.574224,-55.770586
-63.574223,-55.770601
-63.57421,-55.770518
-63.574185,-55.770579
-63.57393,-55.771102
-63.573876,-55.770789
-63.573882,-55.770823
-63.573862,-55.770753
-63.573877,-55.770747
-63.573888,-55.770718
-63.573882,-55.770617
-63.573824,-55.770826
-63.573935,-55.770216
-63.573939,-55.7703
-63.57393,-55.770345
-63.574008,-55.770215
-63.573706,-55.770623
-63.573724,-55.770671
-63.573919,-55.770652
-63.574872,-55.769778
-63.574867,-55.769796
-63.575623,-55.770124
-63.577831,-55.770403
-63.578366,-55.770827
-63.57837,-55.770793
-63.576909,-55.770078
-63.576731,-55.770011
-63.576878,-55.77007
-63.578054,-55.770708
